StudyID,Study,CaseID,Case,Participant,DRIPre,DRIPost
1,Uppsala Speaks,0.1,Uppsala Speaks_Control,1000.0,0.5903320745417906,0.48003735193656705
1,Uppsala Speaks,0.1,Uppsala Speaks_Control,1002.0,0.4843896082403978,0.33067023510895077
1,Uppsala Speaks,0.1,Uppsala Speaks_Control,1004.0,0.1864314767968982,0.27239041338137615
1,Uppsala Speaks,0.1,Uppsala Speaks_Control,1006.0,0.4548520253496189,0.5146150752345637
1,Uppsala Speaks,0.1,Uppsala Speaks_Control,1008.0,0.5554810526734562,0.2785730051315587
1,Uppsala Speaks,0.1,Uppsala Speaks_Control,1010.0,0.44311442677265744,0.3665058764285538
1,Uppsala Speaks,0.1,Uppsala Speaks_Control,1012.0,0.45533114258672636,0.47476947780818657
1,Uppsala Speaks,0.1,Uppsala Speaks_Control,1014.0,0.4792895994639925,0.44370389431420554
1,Uppsala Speaks,0.1,Uppsala Speaks_Control,1016.0,0.47118209754177887,0.17934419946505376
1,Uppsala Speaks,0.1,Uppsala Speaks_Control,1018.0,0.4247480247654616,-0.12169756413915211
1,Uppsala Speaks,0.1,Uppsala Speaks_Control,1020.0,0.383008490761372,0.29176458249828663
1,Uppsala Speaks,0.1,Uppsala Speaks_Control,1022.0,0.37962476489396213,0.4049688867571555
1,Uppsala Speaks,0.1,Uppsala Speaks_Control,1024.0,0.4498790906036887,0.07812480147910805
1,Uppsala Speaks,0.1,Uppsala Speaks_Control,1026.0,-0.1948796121994616,0.008450919725974781
1,Uppsala Speaks,0.1,Uppsala Speaks_Control,1028.0,0.28459155096224364,-0.2286876422662515
1,Uppsala Speaks,0.1,Uppsala Speaks_Control,1030.0,0.19997441321725362,0.5759628601176481
1,Uppsala Speaks,0.1,Uppsala Speaks_Control,1032.0,0.40995410118312425,0.30285167798980783
1,Uppsala Speaks,0.1,Uppsala Speaks_Control,1034.0,0.2575395294637559,0.2672118682960123
1,Uppsala Speaks,0.1,Uppsala Speaks_Control,1036.0,0.6841073575145993,0.31992283697110224
1,Uppsala Speaks,0.1,Uppsala Speaks_Control,1038.0,0.691907395798055,0.41411662082975575
1,Uppsala Speaks,1.0,Uppsala Speaks_Group Briefing,1.0,0.3865177489971503,0.4774760256357604
1,Uppsala Speaks,1.0,Uppsala Speaks_Group Briefing,2.0,0.29763837241919444,0.5904197028650222
1,Uppsala Speaks,1.0,Uppsala Speaks_Group Briefing,3.0,0.5564860793712632,0.6755141719851949
1,Uppsala Speaks,1.0,Uppsala Speaks_Group Briefing,4.0,0.3770960194840822,0.5572675148760144
1,Uppsala Speaks,1.0,Uppsala Speaks_Group Briefing,5.0,0.6094473252201289,0.5312122036717921
1,Uppsala Speaks,1.0,Uppsala Speaks_Group Briefing,6.0,0.34479054463561454,0.41471905953183374
1,Uppsala Speaks,1.0,Uppsala Speaks_Group Briefing,7.0,0.27746880389261364,0.5667458885580097
1,Uppsala Speaks,1.0,Uppsala Speaks_Group Briefing,8.0,0.521753688389264,0.6023824867163867
1,Uppsala Speaks,1.0,Uppsala Speaks_Group Briefing,9.0,0.21850457842310012,0.5784343981155557
1,Uppsala Speaks,1.0,Uppsala Speaks_Group Briefing,10.0,0.3964815007038476,0.4862685576402437
1,Uppsala Speaks,1.0,Uppsala Speaks_Group Briefing,11.0,-0.14186577873367234,0.25016949452773796
1,Uppsala Speaks,1.0,Uppsala Speaks_Group Briefing,12.0,0.5762664268818036,0.5924156045043463
1,Uppsala Speaks,1.0,Uppsala Speaks_Group Briefing,13.0,0.3449045768915664,0.6256045593033341
1,Uppsala Speaks,1.0,Uppsala Speaks_Group Briefing,14.0,0.31875725790955833,0.6963488040132737
1,Uppsala Speaks,1.0,Uppsala Speaks_Group Briefing,15.0,-0.05966389327075772,0.40997570982519393
1,Uppsala Speaks,1.0,Uppsala Speaks_Group Briefing,16.0,0.0006805595793588637,0.5008805328930017
1,Uppsala Speaks,1.0,Uppsala Speaks_Group Briefing,17.0,0.12877342823696147,0.5361903713335721
1,Uppsala Speaks,1.0,Uppsala Speaks_Group Briefing,18.0,0.5810112123798534,0.49230949069132346
1,Uppsala Speaks,1.0,Uppsala Speaks_Group Briefing,19.0,0.23095343881082298,0.2805769335209123
1,Uppsala Speaks,1.0,Uppsala Speaks_Group Briefing,20.0,0.45959231018985824,0.569836316537534
1,Uppsala Speaks,1.0,Uppsala Speaks_Group Briefing,21.0,0.35740870675398173,0.5420061176467055
1,Uppsala Speaks,1.0,Uppsala Speaks_Group Briefing,22.0,0.6620520689412632,0.6324806079311796
1,Uppsala Speaks,2.0,Uppsala Speaks_Group Building Plus,23.0,0.44523734122147807,0.6223971175796505
1,Uppsala Speaks,2.0,Uppsala Speaks_Group Building Plus,24.0,0.45720838220673476,0.7165100278918319
1,Uppsala Speaks,2.0,Uppsala Speaks_Group Building Plus,25.0,0.40097095893784784,0.5081277801582815
1,Uppsala Speaks,2.0,Uppsala Speaks_Group Building Plus,26.0,0.48117262453306986,0.7571020885287818
1,Uppsala Speaks,2.0,Uppsala Speaks_Group Building Plus,27.0,0.5316915555594184,0.5570379307948232
1,Uppsala Speaks,2.0,Uppsala Speaks_Group Building Plus,28.0,0.414732890668176,0.7636756948112176
1,Uppsala Speaks,2.0,Uppsala Speaks_Group Building Plus,29.0,0.017387449807301447,0.6515755857719052
1,Uppsala Speaks,2.0,Uppsala Speaks_Group Building Plus,30.0,0.5148882260228287,0.8068507776890148
1,Uppsala Speaks,2.0,Uppsala Speaks_Group Building Plus,31.0,0.5737692939718095,0.6557537059329324
1,Uppsala Speaks,2.0,Uppsala Speaks_Group Building Plus,32.0,0.0327355191316967,0.5889922181406244
1,Uppsala Speaks,2.0,Uppsala Speaks_Group Building Plus,33.0,0.5051074037595702,0.6391164105153397
1,Uppsala Speaks,2.0,Uppsala Speaks_Group Building Plus,34.0,0.46227524576707335,0.640279256105998
1,Uppsala Speaks,2.0,Uppsala Speaks_Group Building Plus,35.0,0.5837486392613738,0.7090585874736095
1,Uppsala Speaks,2.0,Uppsala Speaks_Group Building Plus,36.0,0.2822020255767872,0.6435455629306055
1,Uppsala Speaks,2.0,Uppsala Speaks_Group Building Plus,37.0,0.5837944904516774,0.7784109434986866
1,Uppsala Speaks,2.0,Uppsala Speaks_Group Building Plus,38.0,0.5594271254650753,0.7246797414342159
1,Uppsala Speaks,2.0,Uppsala Speaks_Group Building Plus,39.0,0.39030758360764506,0.5529222748560803
1,Uppsala Speaks,2.0,Uppsala Speaks_Group Building Plus,40.0,0.5595799400193118,0.736792429274181
1,Uppsala Speaks,2.0,Uppsala Speaks_Group Building Plus,41.0,0.030028946683721136,0.6539596112760298
1,Uppsala Speaks,2.0,Uppsala Speaks_Group Building Plus,42.0,0.5571442679242806,0.7425097600730961
1,Uppsala Speaks,2.0,Uppsala Speaks_Group Building Plus,43.0,0.5668009654560804,0.39838378752937853
1,Uppsala Speaks,2.0,Uppsala Speaks_Group Building Plus,44.0,0.45287788379000493,0.7292820377813753
1,Uppsala Speaks,2.0,Uppsala Speaks_Group Building Plus,45.0,0.5474319420343805,0.6925915504440179
1,Uppsala Speaks,2.0,Uppsala Speaks_Group Building Plus,46.0,0.5490991378386783,0.7405163013217353
1,Uppsala Speaks,2.0,Uppsala Speaks_Group Building Plus,47.0,0.36134560683559025,0.6454327688373671
1,Uppsala Speaks,2.0,Uppsala Speaks_Group Building Plus,48.0,0.3353587755921721,0.6809821570517991
2,Far North Queensland Citizens’ Jury,3.0,FNQCJ,49.0,-0.34805524639452745,0.5303480564137135
2,Far North Queensland Citizens’ Jury,3.0,FNQCJ,50.0,0.13236436317637068,0.5058433722541076
2,Far North Queensland Citizens’ Jury,3.0,FNQCJ,51.0,0.0039425641412331736,0.411892468905632
2,Far North Queensland Citizens’ Jury,3.0,FNQCJ,52.0,0.16782462969309586,0.2202110038331948
2,Far North Queensland Citizens’ Jury,3.0,FNQCJ,53.0,-0.34140750734253933,0.7196913880941496
2,Far North Queensland Citizens’ Jury,3.0,FNQCJ,54.0,0.10684908964986461,0.5815406719579841
2,Far North Queensland Citizens’ Jury,3.0,FNQCJ,55.0,0.046490153421824276,0.6523496306471408
2,Far North Queensland Citizens’ Jury,3.0,FNQCJ,56.0,0.08238436300729846,0.5438536710177542
2,Far North Queensland Citizens’ Jury,3.0,FNQCJ,57.0,0.06766042601090438,0.46239799444682683
2,Far North Queensland Citizens’ Jury,3.0,FNQCJ,58.0,0.06374824911679222,0.5046640216558891
2,Far North Queensland Citizens’ Jury,3.0,FNQCJ,59.0,-0.15777999684328115,0.5124858623306745
2,Far North Queensland Citizens’ Jury,3.0,FNQCJ,60.0,-0.6765442646127322,0.2417834772381866
3,Australian Citizens’ Parliament,4.0,ACP,61.0,0.13393085649650405,-0.05001113074282382
3,Australian Citizens’ Parliament,4.0,ACP,62.0,0.014945612692631505,-0.003413024623216243
3,Australian Citizens’ Parliament,4.0,ACP,63.0,0.23607180179278475,-0.02338195974161994
3,Australian Citizens’ Parliament,4.0,ACP,64.0,0.13651682309676705,-0.05274906608784202
3,Australian Citizens’ Parliament,4.0,ACP,65.0,-0.07719844290973965,0.06022474648519238
3,Australian Citizens’ Parliament,4.0,ACP,66.0,0.02605597044240615,0.15380676514022307
3,Australian Citizens’ Parliament,4.0,ACP,67.0,0.28882582178269,-0.1362271073468958
3,Australian Citizens’ Parliament,4.0,ACP,68.0,0.16975792347786034,0.16075803796015542
3,Australian Citizens’ Parliament,4.0,ACP,69.0,0.09822518831342864,-0.16987575408587063
3,Australian Citizens’ Parliament,4.0,ACP,70.0,0.07408060320566023,-0.0011195745563501447
3,Australian Citizens’ Parliament,4.0,ACP,71.0,0.170962655878532,0.264434812471384
3,Australian Citizens’ Parliament,4.0,ACP,72.0,0.3357826186624824,-0.02361723896912693
3,Australian Citizens’ Parliament,4.0,ACP,73.0,0.0023065771673400626,-0.10966333843487408
3,Australian Citizens’ Parliament,4.0,ACP,74.0,0.16975856921614918,0.15574562033573902
3,Australian Citizens’ Parliament,4.0,ACP,75.0,0.12172683333171941,0.002714961582670261
3,Australian Citizens’ Parliament,4.0,ACP,76.0,-0.05566866737913123,-0.04066978046409542
3,Australian Citizens’ Parliament,4.0,ACP,77.0,0.22109368693962073,0.12702814777343652
3,Australian Citizens’ Parliament,4.0,ACP,78.0,0.25181274881103466,-0.22674287002901172
3,Australian Citizens’ Parliament,4.0,ACP,79.0,0.22129214384035656,-0.22811260917308784
3,Australian Citizens’ Parliament,4.0,ACP,80.0,0.2279441091986496,0.08936642253842497
3,Australian Citizens’ Parliament,4.0,ACP,81.0,0.18249704843790515,0.08315572917516323
3,Australian Citizens’ Parliament,4.0,ACP,82.0,0.0956011231541305,0.13294743864721204
3,Australian Citizens’ Parliament,4.0,ACP,83.0,0.10931165374651952,-0.006997255117353718
3,Australian Citizens’ Parliament,4.0,ACP,84.0,0.19864631730072824,-0.11835648905688367
3,Australian Citizens’ Parliament,4.0,ACP,85.0,0.22731580584371658,0.03178055601541807
3,Australian Citizens’ Parliament,4.0,ACP,86.0,0.17652612172812465,0.17697624519620758
3,Australian Citizens’ Parliament,4.0,ACP,87.0,0.2944794757466078,-0.09386042837026831
3,Australian Citizens’ Parliament,4.0,ACP,88.0,0.14981214396950393,0.0567258361362617
3,Australian Citizens’ Parliament,4.0,ACP,89.0,0.002296030108623892,0.09466520484742902
3,Australian Citizens’ Parliament,4.0,ACP,90.0,0.10529343962185589,0.17750650261461787
3,Australian Citizens’ Parliament,4.0,ACP,91.0,0.12248945025070812,0.1405458249259257
3,Australian Citizens’ Parliament,4.0,ACP,92.0,0.11207347640741383,-0.014004887152234358
3,Australian Citizens’ Parliament,4.0,ACP,93.0,0.13243834006515498,0.003665706022348836
3,Australian Citizens’ Parliament,4.0,ACP,94.0,0.2249556323984121,0.13102351802903955
3,Australian Citizens’ Parliament,4.0,ACP,95.0,0.18023674918125754,0.00336541217843922
3,Australian Citizens’ Parliament,4.0,ACP,96.0,-0.20516848926298603,0.29852679999692167
3,Australian Citizens’ Parliament,4.0,ACP,97.0,0.29496808438507993,0.20362663875086584
3,Australian Citizens’ Parliament,4.0,ACP,98.0,-0.20794322668965437,0.0076139499613256945
3,Australian Citizens’ Parliament,4.0,ACP,99.0,-0.1771195552154664,-0.10965823371953387
3,Australian Citizens’ Parliament,4.0,ACP,100.0,0.3012463825202949,-0.08840945171352721
3,Australian Citizens’ Parliament,4.0,ACP,101.0,0.2846272314293741,-0.27702059149194747
3,Australian Citizens’ Parliament,4.0,ACP,102.0,0.211676024490701,-0.06866601953079621
3,Australian Citizens’ Parliament,4.0,ACP,103.0,0.2751574794251641,0.10189421085412609
3,Australian Citizens’ Parliament,4.0,ACP,104.0,0.20833734229187617,0.19641635471764562
3,Australian Citizens’ Parliament,4.0,ACP,105.0,0.23393548428757316,0.1659512555182059
3,Australian Citizens’ Parliament,4.0,ACP,106.0,0.21620910727757847,-0.09380696241016928
3,Australian Citizens’ Parliament,4.0,ACP,107.0,0.1600053381031874,0.2063904501357321
3,Australian Citizens’ Parliament,4.0,ACP,108.0,-0.03122252249052615,0.11263828208246984
3,Australian Citizens’ Parliament,4.0,ACP,109.0,0.3062265314490693,-0.015474517073565841
3,Australian Citizens’ Parliament,4.0,ACP,110.0,0.18494547278266915,-0.31408576665248966
3,Australian Citizens’ Parliament,4.0,ACP,111.0,0.10951204786212165,-0.14736329496916656
3,Australian Citizens’ Parliament,4.0,ACP,112.0,0.15148008596929108,-0.05935107859251798
4,Sydney Climate Change Adaption,5.0,Sydney CC,113.0,0.20407925338530708,0.11432176275164396
4,Sydney Climate Change Adaption,5.0,Sydney CC,114.0,0.4933668470749173,0.4910936803489745
4,Sydney Climate Change Adaption,5.0,Sydney CC,115.0,0.4324881190189198,0.5750286869522876
4,Sydney Climate Change Adaption,5.0,Sydney CC,116.0,0.4688729465361583,0.4226425867787975
4,Sydney Climate Change Adaption,5.0,Sydney CC,117.0,0.4811014277944252,0.420741606987562
4,Sydney Climate Change Adaption,5.0,Sydney CC,118.0,0.3373808381176795,0.3235085529793724
4,Sydney Climate Change Adaption,5.0,Sydney CC,119.0,0.47170574575577495,0.639201546418183
4,Sydney Climate Change Adaption,5.0,Sydney CC,120.0,0.40300905583634483,0.5864959024843011
4,Sydney Climate Change Adaption,5.0,Sydney CC,121.0,0.6349312221486105,0.5927003316224537
4,Sydney Climate Change Adaption,5.0,Sydney CC,122.0,-0.24089700196798147,0.4767458585494706
4,Sydney Climate Change Adaption,5.0,Sydney CC,123.0,0.5569299450150529,0.5671730526316368
4,Sydney Climate Change Adaption,5.0,Sydney CC,124.0,0.26528189102644095,0.40998929588733035
4,Sydney Climate Change Adaption,5.0,Sydney CC,125.0,0.5854440747409204,0.5839781398982022
4,Sydney Climate Change Adaption,5.0,Sydney CC,126.0,0.43552375051714476,0.4920807644406977
4,Sydney Climate Change Adaption,5.0,Sydney CC,127.0,0.13702959112582502,0.3418971913021456
4,Sydney Climate Change Adaption,5.0,Sydney CC,128.0,0.47896896211336726,0.5739679598492122
4,Sydney Climate Change Adaption,5.0,Sydney CC,129.0,0.48606788127391787,0.40750688205793173
4,Sydney Climate Change Adaption,5.0,Sydney CC,130.0,0.239579887969672,0.44706834130923734
4,Sydney Climate Change Adaption,5.0,Sydney CC,131.0,0.1908319186273244,0.2817011946929795
4,Sydney Climate Change Adaption,5.0,Sydney CC,132.0,0.5388722986247481,0.5269696715473164
4,Sydney Climate Change Adaption,5.0,Sydney CC,133.0,0.38447504819156286,0.3017856769419085
5,ForestERA,6.0,Forest ERA_Citizens,146.0,0.3389423402556433,0.5702259417358893
5,ForestERA,6.0,Forest ERA_Citizens,147.0,0.11918904460835877,0.537534492391537
5,ForestERA,6.0,Forest ERA_Citizens,148.0,0.29258791495755077,0.2120570973215159
5,ForestERA,6.0,Forest ERA_Citizens,149.0,0.5501516048810973,0.5767012394456006
5,ForestERA,6.0,Forest ERA_Citizens,150.0,0.478690107013352,0.6293749872426408
5,ForestERA,6.0,Forest ERA_Citizens,151.0,0.13985634075179632,0.3790741269529354
5,ForestERA,6.0,Forest ERA_Citizens,152.0,0.12727970014033207,0.45774306363021333
5,ForestERA,6.0,Forest ERA_Citizens,153.0,0.3524656405999087,0.6174244056815772
5,ForestERA,6.0,Forest ERA_Citizens,154.0,0.6161146950004475,0.6020070156284192
5,ForestERA,6.0,Forest ERA_Citizens,155.0,0.41393419497034967,0.429009250513684
5,ForestERA,6.0,Forest ERA_Citizens,156.0,0.44680933592401106,0.43928594907964547
5,ForestERA,6.0,Forest ERA_Citizens,157.0,0.4737733179785353,0.5016677011892776
5,ForestERA,7.0,Forest ERA_Stakeholders,134.0,0.3280089552865255,0.4088865088493887
5,ForestERA,7.0,Forest ERA_Stakeholders,135.0,0.6149165321166206,0.6947590406453834
5,ForestERA,7.0,Forest ERA_Stakeholders,136.0,0.457286606822753,0.3924149264871033
5,ForestERA,7.0,Forest ERA_Stakeholders,137.0,0.4156232946340568,0.6056753259487773
5,ForestERA,7.0,Forest ERA_Stakeholders,138.0,0.49182335325738324,0.5126538584439149
5,ForestERA,7.0,Forest ERA_Stakeholders,139.0,0.2589194913765096,0.365220532638308
5,ForestERA,7.0,Forest ERA_Stakeholders,140.0,0.48152915318161127,0.5936251629664799
5,ForestERA,7.0,Forest ERA_Stakeholders,141.0,0.100138193760833,0.16053407067316883
5,ForestERA,7.0,Forest ERA_Stakeholders,142.0,0.2490656126025006,0.5161169158140004
5,ForestERA,7.0,Forest ERA_Stakeholders,143.0,0.42432283914335134,0.4205022653655328
5,ForestERA,7.0,Forest ERA_Stakeholders,144.0,0.4968386063134118,0.6788136252684467
5,ForestERA,7.0,Forest ERA_Stakeholders,145.0,0.5778191058182829,0.46606964120529937
6,Biobanking,8.0,Biobanking_UBC,158.0,0.3384438284384683,0.19358082624332296
6,Biobanking,8.0,Biobanking_UBC,159.0,0.08932668056790294,0.24570646942597385
6,Biobanking,8.0,Biobanking_UBC,160.0,0.22701348461227622,0.36269173854508896
6,Biobanking,8.0,Biobanking_UBC,161.0,-0.09943234555806513,0.42782636213575653
6,Biobanking,8.0,Biobanking_UBC,162.0,0.299338762990607,0.419023712529929
6,Biobanking,8.0,Biobanking_UBC,163.0,0.3016574085418313,0.369287742517004
6,Biobanking,8.0,Biobanking_UBC,164.0,0.4634493571425087,0.29392147959692405
6,Biobanking,8.0,Biobanking_UBC,165.0,0.24729801378671534,0.20660200739580104
6,Biobanking,8.0,Biobanking_UBC,166.0,0.2959325815634124,0.36462305056946076
6,Biobanking,8.0,Biobanking_UBC,167.0,0.5001665104071313,0.3527174865621092
6,Biobanking,8.0,Biobanking_UBC,168.0,0.4647862771864295,0.3689380511461735
6,Biobanking,8.0,Biobanking_UBC,169.0,0.25198102862451055,0.35659175402010845
6,Biobanking,8.0,Biobanking_UBC,170.0,0.2092506690129523,0.41272519247968087
6,Biobanking,8.0,Biobanking_UBC,171.0,0.0984884491949567,0.2990056950119555
6,Biobanking,8.0,Biobanking_UBC,172.0,0.23312735012372632,0.36010571703184935
6,Biobanking,8.0,Biobanking_UBC,173.0,0.2729591780742573,0.34829604654669977
6,Biobanking,8.0,Biobanking_UBC,174.0,0.34861028094187874,0.23018219236473625
6,Biobanking,8.0,Biobanking_UBC,175.0,0.10091355517477973,0.3320350222368478
6,Biobanking,8.0,Biobanking_UBC,176.0,-0.2236479098154751,0.3002667195224886
6,Biobanking,9.0,Biobanking_Mayo,177.0,0.3271170292740657,0.29301293993291333
6,Biobanking,9.0,Biobanking_Mayo,178.0,-0.04235640225975246,0.04147013681109435
6,Biobanking,9.0,Biobanking_Mayo,179.0,0.34794493528146453,0.43910811349648227
6,Biobanking,9.0,Biobanking_Mayo,180.0,0.48840909260072496,0.23300185779912863
6,Biobanking,9.0,Biobanking_Mayo,181.0,0.3297407536974044,0.4729800067108523
6,Biobanking,9.0,Biobanking_Mayo,182.0,0.11986792059605089,0.38518806813659356
6,Biobanking,9.0,Biobanking_Mayo,183.0,0.16025932073449423,0.0535990171952212
6,Biobanking,9.0,Biobanking_Mayo,184.0,0.2540072273373477,0.4425409208759876
6,Biobanking,9.0,Biobanking_Mayo,185.0,0.27498585793927854,0.40315123634015837
6,Biobanking,9.0,Biobanking_Mayo,186.0,0.24568667147992973,0.2729312132150743
6,Biobanking,9.0,Biobanking_Mayo,187.0,0.4105561179299002,0.2822686953794675
6,Biobanking,9.0,Biobanking_Mayo,188.0,0.31443383376379774,0.3764825297222001
6,Biobanking,9.0,Biobanking_Mayo,189.0,0.2252932616802259,0.5398092131593422
6,Biobanking,9.0,Biobanking_Mayo,190.0,0.30774612768047893,0.4876854855076562
6,Biobanking,9.0,Biobanking_Mayo,191.0,0.3463344150769254,0.5223038021182598
6,Biobanking,9.0,Biobanking_Mayo,192.0,0.3293955757679512,0.39361715780070883
6,Biobanking,9.0,Biobanking_Mayo,193.0,0.29230429993077833,0.33926330400492644
6,Biobanking,9.0,Biobanking_Mayo,194.0,0.24102816503040536,0.07103869375775962
6,Biobanking,10.0,Biobanking_WA_Citizens,195.0,0.34816338702990945,0.504055106224824
6,Biobanking,10.0,Biobanking_WA_Citizens,196.0,0.1401805070123434,0.3624958408552379
6,Biobanking,10.0,Biobanking_WA_Citizens,197.0,0.26855579642820304,0.45232228546474484
6,Biobanking,10.0,Biobanking_WA_Citizens,198.0,0.36871621433405255,0.6196021901938096
6,Biobanking,10.0,Biobanking_WA_Citizens,199.0,0.11747047671482491,0.38438767485523373
6,Biobanking,10.0,Biobanking_WA_Citizens,200.0,0.2570569950563757,0.6464803373477825
6,Biobanking,10.0,Biobanking_WA_Citizens,201.0,0.5042636097142137,0.5905003622770899
6,Biobanking,10.0,Biobanking_WA_Citizens,202.0,0.3665713007614524,0.529314588946757
6,Biobanking,10.0,Biobanking_WA_Citizens,203.0,-0.3856051556578036,0.513814576676942
6,Biobanking,10.0,Biobanking_WA_Citizens,220.0,0.07230193959831621,0.4342550474314717
6,Biobanking,11.0,Biobanking_WA_Stakeholders,204.0,0.37151852998864476,0.39220529774975965
6,Biobanking,11.0,Biobanking_WA_Stakeholders,205.0,0.2252822879952021,0.29289043526266867
6,Biobanking,11.0,Biobanking_WA_Stakeholders,206.0,0.3190584337379012,0.2871420568408285
6,Biobanking,11.0,Biobanking_WA_Stakeholders,207.0,0.19558760636493666,0.33298057434682127
6,Biobanking,11.0,Biobanking_WA_Stakeholders,208.0,0.4632216962350133,0.4921541990954561
6,Biobanking,11.0,Biobanking_WA_Stakeholders,209.0,0.5666725655886384,0.49363478310294506
6,Biobanking,11.0,Biobanking_WA_Stakeholders,210.0,0.38533478840075297,0.20123712131489646
6,Biobanking,11.0,Biobanking_WA_Stakeholders,211.0,0.4050715981654356,0.34249430770401124
6,Biobanking,11.0,Biobanking_WA_Stakeholders,212.0,0.45527535676188524,0.2994883902454253
6,Biobanking,11.0,Biobanking_WA_Stakeholders,213.0,0.42296696112118837,0.25123529332535655
6,Biobanking,11.0,Biobanking_WA_Stakeholders,214.0,0.17081360881298968,0.2693894408769675
6,Biobanking,11.0,Biobanking_WA_Stakeholders,215.0,0.2444365792151486,0.23492760632259757
6,Biobanking,11.0,Biobanking_WA_Stakeholders,216.0,0.17318890806038523,0.4308047092308702
6,Biobanking,11.0,Biobanking_WA_Stakeholders,217.0,0.241759943370349,0.402732756934171
6,Biobanking,11.0,Biobanking_WA_Stakeholders,218.0,0.19768368997232444,-0.7357363837941198
6,Biobanking,11.0,Biobanking_WA_Stakeholders,219.0,0.4966562943955326,0.2851321932092432
7,Fremantle Bridge 21st Century,12.0,Fremantle Bridge,221.0,0.20768400728340874,0.5224194800059578
7,Fremantle Bridge 21st Century,12.0,Fremantle Bridge,222.0,0.2741418782558602,0.4657220446290977
7,Fremantle Bridge 21st Century,12.0,Fremantle Bridge,223.0,0.015028335086717304,0.20743015373030693
7,Fremantle Bridge 21st Century,12.0,Fremantle Bridge,224.0,0.1470181022590593,0.04067141698801047
7,Fremantle Bridge 21st Century,12.0,Fremantle Bridge,225.0,0.11115466355469339,0.30525450645073526
7,Fremantle Bridge 21st Century,12.0,Fremantle Bridge,226.0,0.18727424716987184,0.30600709574847995
7,Fremantle Bridge 21st Century,12.0,Fremantle Bridge,227.0,0.2842383675922604,0.36297134662192776
7,Fremantle Bridge 21st Century,12.0,Fremantle Bridge,228.0,0.22374979558229358,0.0956272469011552
7,Fremantle Bridge 21st Century,12.0,Fremantle Bridge,229.0,0.4833238718303421,0.4201087460125197
7,Fremantle Bridge 21st Century,12.0,Fremantle Bridge,230.0,0.4316959891156875,0.10927048312051335
7,Fremantle Bridge 21st Century,12.0,Fremantle Bridge,231.0,0.26810215637035495,0.5150734375936439
7,Fremantle Bridge 21st Century,12.0,Fremantle Bridge,232.0,0.17435955307828,0.3587031874228419
7,Fremantle Bridge 21st Century,12.0,Fremantle Bridge,233.0,-0.1200192193425097,0.2818563496538786
7,Fremantle Bridge 21st Century,12.0,Fremantle Bridge,234.0,0.07219999933986188,0.4876233327763475
7,Fremantle Bridge 21st Century,12.0,Fremantle Bridge,235.0,0.15660863515249335,0.2674256373148922
7,Fremantle Bridge 21st Century,12.0,Fremantle Bridge,236.0,0.28959021597718726,0.5725177710021887
7,Fremantle Bridge 21st Century,12.0,Fremantle Bridge,237.0,0.053285128343031785,0.35780973494969537
7,Fremantle Bridge 21st Century,12.0,Fremantle Bridge,238.0,0.334675287630926,0.3848738516175403
7,Fremantle Bridge 21st Century,12.0,Fremantle Bridge,239.0,0.048279232192465216,0.4039259660284127
7,Fremantle Bridge 21st Century,12.0,Fremantle Bridge,240.0,0.40252735117528426,0.05408653157485266
7,Fremantle Bridge 21st Century,12.0,Fremantle Bridge,241.0,0.19145771682636514,0.4650322344672386
7,Fremantle Bridge 21st Century,12.0,Fremantle Bridge,242.0,0.16820234461709682,0.11372658226163357
7,Fremantle Bridge 21st Century,12.0,Fremantle Bridge,243.0,0.3876755082926471,0.5322194940811324
7,Fremantle Bridge 21st Century,12.0,Fremantle Bridge,244.0,0.23801876670198108,0.3973221088863663
7,Fremantle Bridge 21st Century,12.0,Fremantle Bridge,245.0,0.27057093990609826,0.5817820080158567
7,Fremantle Bridge 21st Century,12.0,Fremantle Bridge,246.0,0.08055111637043555,0.24072030991022353
7,Fremantle Bridge 21st Century,12.0,Fremantle Bridge,247.0,0.16798059261142728,0.46998492074954856
7,Fremantle Bridge 21st Century,12.0,Fremantle Bridge,248.0,0.1788675989449231,0.10921596125790445
7,Fremantle Bridge 21st Century,12.0,Fremantle Bridge,249.0,0.31876793297475214,0.49677826316237117
7,Fremantle Bridge 21st Century,12.0,Fremantle Bridge,250.0,0.11687551566493859,0.20706009575248152
7,Fremantle Bridge 21st Century,12.0,Fremantle Bridge,251.0,-0.20934321113489684,0.5262221482430796
7,Fremantle Bridge 21st Century,12.0,Fremantle Bridge,252.0,0.11767884480862634,0.29797077501902924
7,Fremantle Bridge 21st Century,12.0,Fremantle Bridge,253.0,0.2184205788601612,0.35722157401711585
7,Fremantle Bridge 21st Century,12.0,Fremantle Bridge,254.0,0.17679227653513263,0.24687373842889793
7,Fremantle Bridge 21st Century,12.0,Fremantle Bridge,255.0,0.2557335321628147,0.3798270936252435
7,Fremantle Bridge 21st Century,12.0,Fremantle Bridge,256.0,0.36184552152145644,0.49016322242044574
7,Fremantle Bridge 21st Century,12.0,Fremantle Bridge,257.0,0.21040226576222998,0.3703994139640674
7,Fremantle Bridge 21st Century,12.0,Fremantle Bridge,258.0,0.2967265929951979,0.3456400459751947
7,Fremantle Bridge 21st Century,12.0,Fremantle Bridge,259.0,0.29215267729614136,0.4829641010978143
7,Fremantle Bridge 21st Century,12.0,Fremantle Bridge,260.0,0.33440429272028016,0.23594042139988747
7,Fremantle Bridge 21st Century,12.0,Fremantle Bridge,261.0,0.4298078664848364,-0.0041639483155604395
8,Climate Change and the Public Sphere,13.0,CCPS,262.0,0.5102131339442053,0.6868420675564706
8,Climate Change and the Public Sphere,13.0,CCPS,263.0,0.6505556307386153,0.7044508484106633
8,Climate Change and the Public Sphere,13.0,CCPS,264.0,0.09694036920125604,0.5907976369767172
8,Climate Change and the Public Sphere,13.0,CCPS,265.0,0.6136304557586505,0.6002626907808217
8,Climate Change and the Public Sphere,13.0,CCPS,266.0,0.4617387365490251,0.5725824230866672
8,Climate Change and the Public Sphere,13.0,CCPS,267.0,0.6683986789176313,0.6740359446795714
8,Climate Change and the Public Sphere,13.0,CCPS,268.0,0.5514827938789018,0.6756032200982409
8,Climate Change and the Public Sphere,13.0,CCPS,269.0,0.6540384921168862,0.6815224300192695
8,Climate Change and the Public Sphere,13.0,CCPS,270.0,0.6092980166220989,0.6890217348195731
8,Climate Change and the Public Sphere,13.0,CCPS,271.0,0.4461451972861761,0.6263036722828823
8,Climate Change and the Public Sphere,13.0,CCPS,272.0,0.47987408933145526,0.7003551808527826
8,Climate Change and the Public Sphere,13.0,CCPS,273.0,0.5875415537858961,0.28735360344617256
8,Climate Change and the Public Sphere,13.0,CCPS,274.0,0.6302019990535257,0.6559585729897823
8,Climate Change and the Public Sphere,13.0,CCPS,275.0,0.5862708390610409,0.4011341975126419
8,Climate Change and the Public Sphere,13.0,CCPS,276.0,0.6030538032665176,0.6901141119512801
8,Climate Change and the Public Sphere,13.0,CCPS,277.0,0.6258893440637399,0.5605181388561333
8,Climate Change and the Public Sphere,13.0,CCPS,278.0,0.4514319936956568,0.6602701536345918
8,Climate Change and the Public Sphere,13.0,CCPS,279.0,0.5245936181572326,0.548742734328945
8,Climate Change and the Public Sphere,13.0,CCPS,280.0,0.549724451717869,0.6872412544096032
8,Climate Change and the Public Sphere,13.0,CCPS,281.0,0.5254072984620577,0.6386511590788739
8,Climate Change and the Public Sphere,13.0,CCPS,282.0,0.5235235436540147,0.5652048010940725
8,Climate Change and the Public Sphere,13.0,CCPS,283.0,0.5421069444224798,0.601445379582698
8,Climate Change and the Public Sphere,13.0,CCPS,284.0,0.3566433152596098,0.5861820702783009
8,Climate Change and the Public Sphere,13.0,CCPS,285.0,0.49088751446302603,0.7187166016458624
8,Climate Change and the Public Sphere,13.0,CCPS,286.0,0.49916999810790563,0.6512852689362707
8,Climate Change and the Public Sphere,13.0,CCPS,287.0,0.16009863164417437,0.6193257076112044
8,Climate Change and the Public Sphere,13.0,CCPS,288.0,0.563951576759014,0.6587525405303094
8,Climate Change and the Public Sphere,13.0,CCPS,289.0,0.45906783166655885,0.6910669041322526
8,Climate Change and the Public Sphere,13.0,CCPS,290.0,0.507386364119262,0.4848395980405815
8,Climate Change and the Public Sphere,13.0,CCPS,291.0,0.5676119103613446,0.6473921202087289
8,Climate Change and the Public Sphere,13.0,CCPS,292.0,0.7250422196596118,0.5277198521296167
8,Climate Change and the Public Sphere,13.0,CCPS,293.0,0.5553472259838161,0.6447100103289731
8,Climate Change and the Public Sphere,13.0,CCPS,294.0,0.6513704629546628,0.6184733118914703
8,Climate Change and the Public Sphere,13.0,CCPS,295.0,0.5767835254895988,0.6505218052376252
9,Energy Futures Study,14.0,Energy Futures_WA,296.0,0.12828686457824778,0.6153282636996464
9,Energy Futures Study,14.0,Energy Futures_WA,297.0,0.3772843390637084,0.572734452878336
9,Energy Futures Study,14.0,Energy Futures_WA,298.0,0.06364561886432529,0.5297551709499024
9,Energy Futures Study,14.0,Energy Futures_WA,299.0,0.21472736121063263,0.6021297636443645
9,Energy Futures Study,14.0,Energy Futures_WA,300.0,0.324512713162425,0.5138431991215586
9,Energy Futures Study,14.0,Energy Futures_WA,301.0,0.5570828467875988,0.4691813384118788
9,Energy Futures Study,14.0,Energy Futures_WA,302.0,0.17117554499586607,0.13341617592062183
9,Energy Futures Study,14.0,Energy Futures_WA,303.0,0.18625946710227903,0.48451633124315263
9,Energy Futures Study,14.0,Energy Futures_WA,304.0,0.6478808391772137,0.4534235291396431
9,Energy Futures Study,14.0,Energy Futures_WA,305.0,0.14498780774741782,0.52699946028844
9,Energy Futures Study,14.0,Energy Futures_WA,306.0,0.04187047534685129,0.5135048251636423
9,Energy Futures Study,14.0,Energy Futures_WA,307.0,0.5047567294966562,0.5904116120746996
9,Energy Futures Study,14.0,Energy Futures_WA,308.0,0.3626713067802798,0.5265459987437862
9,Energy Futures Study,14.0,Energy Futures_WA,309.0,0.3437091809247321,0.5294825240287979
9,Energy Futures Study,14.0,Energy Futures_WA,310.0,0.4425036149521848,0.6079120679400025
9,Energy Futures Study,14.0,Energy Futures_WA,311.0,0.24162417868939645,0.44182144549416136
9,Energy Futures Study,14.0,Energy Futures_WA,312.0,-0.4748433583152565,0.51741411905492
9,Energy Futures Study,14.0,Energy Futures_WA,313.0,-0.4271084016575495,0.24497178705202738
9,Energy Futures Study,14.0,Energy Futures_WA,314.0,0.656436184452655,0.07828202718319299
9,Energy Futures Study,14.0,Energy Futures_WA,315.0,0.2628595785863501,0.5766981882371489
9,Energy Futures Study,14.0,Energy Futures_WA,316.0,0.40990626365043425,0.5528648833185157
9,Energy Futures Study,14.0,Energy Futures_WA,317.0,0.23003694214052506,0.49973503366684
9,Energy Futures Study,15.0,Energy Futures_NSW,318.0,0.46746825029432837,0.45620973151875566
9,Energy Futures Study,15.0,Energy Futures_NSW,319.0,0.4173479723948239,0.50630981191393
9,Energy Futures Study,15.0,Energy Futures_NSW,320.0,0.48931301883044753,0.3168337260240979
9,Energy Futures Study,15.0,Energy Futures_NSW,321.0,0.23742991516352974,0.4822751362931592
9,Energy Futures Study,15.0,Energy Futures_NSW,322.0,0.32642116168869495,0.45135524733195953
9,Energy Futures Study,15.0,Energy Futures_NSW,323.0,0.48202173454623165,0.5541974058412118
9,Energy Futures Study,15.0,Energy Futures_NSW,324.0,0.0638921474720644,0.6211968931673602
9,Energy Futures Study,15.0,Energy Futures_NSW,325.0,0.15127755591524394,0.3405834693213523
9,Energy Futures Study,15.0,Energy Futures_NSW,326.0,0.4780649940367676,0.4301451165248076
9,Energy Futures Study,15.0,Energy Futures_NSW,327.0,0.006602982315925043,0.5531247586310748
9,Energy Futures Study,15.0,Energy Futures_NSW,328.0,0.18554573361914528,0.35575962534272754
9,Energy Futures Study,15.0,Energy Futures_NSW,329.0,-0.23732560905267497,0.5635057980052232
9,Energy Futures Study,15.0,Energy Futures_NSW,330.0,-0.018516239995945094,0.5426478736734079
9,Energy Futures Study,15.0,Energy Futures_NSW,331.0,0.37486705484604177,0.3854015126076571
9,Energy Futures Study,16.0,Energy Futures_Vic,332.0,0.10617021448629438,0.6909227682995511
9,Energy Futures Study,16.0,Energy Futures_Vic,333.0,0.26165797072785013,0.6095849628563883
9,Energy Futures Study,16.0,Energy Futures_Vic,334.0,0.18608318451531125,0.6303100401754054
9,Energy Futures Study,16.0,Energy Futures_Vic,335.0,0.4920588391924088,0.6691069728758559
9,Energy Futures Study,16.0,Energy Futures_Vic,336.0,0.17875646183214688,0.4425205411678883
9,Energy Futures Study,16.0,Energy Futures_Vic,337.0,0.16643158718413664,0.6220330636835416
9,Energy Futures Study,16.0,Energy Futures_Vic,338.0,0.36059170788658457,0.6841877244866996
9,Energy Futures Study,16.0,Energy Futures_Vic,339.0,-0.08946715933823679,0.6563198585937013
9,Energy Futures Study,16.0,Energy Futures_Vic,340.0,0.43663937093752114,0.6383451572610137
9,Energy Futures Study,16.0,Energy Futures_Vic,341.0,0.4081148625436708,0.658358339599673
9,Energy Futures Study,16.0,Energy Futures_Vic,342.0,0.3180643346573395,0.604954397415894
9,Energy Futures Study,16.0,Energy Futures_Vic,343.0,0.42116358854795877,0.5603213536233136
9,Energy Futures Study,16.0,Energy Futures_Vic,344.0,0.21231764812078358,0.6419513444560712
9,Energy Futures Study,16.0,Energy Futures_Vic,345.0,0.2781951408625629,0.6852786560999664
9,Energy Futures Study,16.0,Energy Futures_Vic,346.0,0.26965404732521026,0.5449228688700332
9,Energy Futures Study,16.0,Energy Futures_Vic,347.0,0.5421924316376538,0.5367274190557816
10,Valsamoggia Council Amalgamation,17.0,Valsamoggia,348.0,0.41119557730349054,0.5649317416441066
10,Valsamoggia Council Amalgamation,17.0,Valsamoggia,349.0,0.5347893463790929,0.2677356609489745
10,Valsamoggia Council Amalgamation,17.0,Valsamoggia,350.0,0.22971941203239843,0.04168704711531679
10,Valsamoggia Council Amalgamation,17.0,Valsamoggia,351.0,0.40053554903503796,0.30262562203254917
10,Valsamoggia Council Amalgamation,17.0,Valsamoggia,352.0,0.49559900120985145,0.4025776314009004
10,Valsamoggia Council Amalgamation,17.0,Valsamoggia,353.0,0.3393964749900429,0.4064198457856807
10,Valsamoggia Council Amalgamation,17.0,Valsamoggia,354.0,0.27026566720641676,0.2428670894886671
10,Valsamoggia Council Amalgamation,17.0,Valsamoggia,355.0,0.3320793248278566,0.14696024216745496
10,Valsamoggia Council Amalgamation,17.0,Valsamoggia,356.0,0.2519592895137337,0.3035731789557552
10,Valsamoggia Council Amalgamation,17.0,Valsamoggia,357.0,0.36395877661412057,0.4946731842811458
10,Valsamoggia Council Amalgamation,17.0,Valsamoggia,358.0,0.49080962601064937,0.4565565381760881
10,Valsamoggia Council Amalgamation,17.0,Valsamoggia,359.0,0.3309280397706851,0.28693106470789864
10,Valsamoggia Council Amalgamation,17.0,Valsamoggia,360.0,0.38895512653733566,0.061343220914999774
10,Valsamoggia Council Amalgamation,17.0,Valsamoggia,361.0,0.23141308422857332,0.2229808480396187
10,Valsamoggia Council Amalgamation,17.0,Valsamoggia,362.0,0.4195857833320906,0.5301156371560787
10,Valsamoggia Council Amalgamation,17.0,Valsamoggia,363.0,0.2623526591744063,0.16415125093133254
11,Great Barrier Reef Futures,18.0,GBR Futures,364.0,0.7196084206097713,0.5754360780463457
11,Great Barrier Reef Futures,18.0,GBR Futures,365.0,0.45692001778938973,0.37914371939717895
11,Great Barrier Reef Futures,18.0,GBR Futures,366.0,0.7356155125461155,0.7004451306281909
11,Great Barrier Reef Futures,18.0,GBR Futures,367.0,0.5103706224907865,0.8225597239805056
11,Great Barrier Reef Futures,18.0,GBR Futures,368.0,0.7536660402865707,0.7055334527052233
11,Great Barrier Reef Futures,18.0,GBR Futures,369.0,0.1372440386310576,0.6988608395184226
11,Great Barrier Reef Futures,18.0,GBR Futures,370.0,0.42016817603354895,0.6875002131912282
12,Human Genome Editing,0.19,AusCJ_Control,2000.0,0.5994163104170043,0.37078879381884344
12,Human Genome Editing,0.19,AusCJ_Control,2002.0,0.40854352114204917,0.3987114270648604
12,Human Genome Editing,0.19,AusCJ_Control,2004.0,0.487160909050369,0.5744541215247478
12,Human Genome Editing,0.19,AusCJ_Control,2006.0,0.48899387600835365,0.45085665792725527
12,Human Genome Editing,0.19,AusCJ_Control,2008.0,0.3458465214290827,0.6173472271659426
12,Human Genome Editing,0.19,AusCJ_Control,2010.0,0.26118123388462067,0.555865692577167
12,Human Genome Editing,0.19,AusCJ_Control,2012.0,0.32377192889025364,0.4153088605047628
12,Human Genome Editing,0.19,AusCJ_Control,2014.0,0.4903335292579065,0.19555033284525525
12,Human Genome Editing,0.19,AusCJ_Control,2016.0,0.31695835945245165,0.46675517608573447
12,Human Genome Editing,0.19,AusCJ_Control,2018.0,0.2147822856698296,0.4853286133213117
12,Human Genome Editing,0.19,AusCJ_Control,2020.0,0.43097005560317303,0.3667975284889111
12,Human Genome Editing,0.19,AusCJ_Control,2022.0,0.40997895581565147,0.5470269999782553
12,Human Genome Editing,0.19,AusCJ_Control,2024.0,0.4697571338347879,0.41964923456793035
12,Human Genome Editing,0.19,AusCJ_Control,2026.0,0.6173807724966263,0.32976273827268376
12,Human Genome Editing,0.19,AusCJ_Control,2028.0,0.4922232034792964,0.4224529399753796
12,Human Genome Editing,0.19,AusCJ_Control,2030.0,0.3036246231450159,0.40494141176270415
12,Human Genome Editing,0.19,AusCJ_Control,2032.0,0.449402280503006,0.5617906908453625
12,Human Genome Editing,0.19,AusCJ_Control,2034.0,0.6166081576359865,0.5174709810629872
12,Human Genome Editing,0.19,AusCJ_Control,2036.0,0.4331754517189792,0.4427645681264294
12,Human Genome Editing,19.0,AusCJ,371.0,0.6118489163943099,0.3046489647714645
12,Human Genome Editing,19.0,AusCJ,372.0,0.5407372018621968,0.4813040216036142
12,Human Genome Editing,19.0,AusCJ,373.0,0.33773329323804746,0.5448616471683383
12,Human Genome Editing,19.0,AusCJ,374.0,0.4046775711067596,0.4547691538410863
12,Human Genome Editing,19.0,AusCJ,375.0,0.1032422165403708,0.565338878563654
12,Human Genome Editing,19.0,AusCJ,376.0,0.3636492921941781,0.3760010744944551
12,Human Genome Editing,19.0,AusCJ,377.0,0.4505311060121975,0.6277659200676091
12,Human Genome Editing,19.0,AusCJ,378.0,-0.213569653874343,0.46813297621362393
12,Human Genome Editing,19.0,AusCJ,379.0,0.2715031204159972,0.6053762578995234
12,Human Genome Editing,19.0,AusCJ,380.0,0.294210415394935,0.5291067080168987
12,Human Genome Editing,19.0,AusCJ,381.0,0.46513793980570184,0.42793906342861066
12,Human Genome Editing,19.0,AusCJ,382.0,0.47679837918277856,0.3620299211740132
12,Human Genome Editing,19.0,AusCJ,383.0,0.23055617511756643,0.5639488615519639
12,Human Genome Editing,19.0,AusCJ,384.0,0.2893162978951793,0.4931117007155743
12,Human Genome Editing,19.0,AusCJ,385.0,0.5149165600976127,0.5449921278065755
12,Human Genome Editing,19.0,AusCJ,386.0,0.4219482672048944,0.5059064393843689
12,Human Genome Editing,19.0,AusCJ,387.0,0.14513507443832063,0.21116538380916317
